,User,Offer,UserClicks
0,249,83,1
1,249,3481,1
2,249,7628,1
3,249,7708,1
4,249,9575,1
5,249,10156,1
6,249,10304,1
7,249,11100,1
8,249,22326,1
9,249,25974,1
10,249,26170,1
11,249,26291,1
12,249,26462,1
13,249,26476,1
14,249,41495,1
15,249,54852,1
16,249,56746,1
17,249,57440,1
18,249,103239,1
19,249,128018,1
20,249,128542,1
21,249,137953,1
22,249,138267,1
23,249,140052,1
24,249,140162,1
25,249,176697,1
26,249,176763,1
27,249,176874,1
28,249,176939,1
29,249,177026,1
30,249,177147,1
31,249,177583,1
32,249,177645,1
33,249,177919,1
34,249,178574,1
35,249,179312,1
36,249,195441,1
37,249,195829,1
38,249,196097,1
39,249,196618,1
40,249,197205,1
41,249,197207,1
42,249,197645,1
43,249,198270,1
44,249,199011,1
45,249,246113,1
46,249,246425,1
47,249,250350,1
48,249,253330,1
49,249,253837,1
50,249,253941,1
51,249,254099,1
52,249,256876,1
53,249,257507,1
54,249,258868,1
55,249,259201,1
56,249,259588,1
57,249,261017,1
58,249,261409,1
59,249,261823,1
60,249,261946,1
61,249,264834,1
62,249,265512,1
63,362,150,1
64,362,5769,1
65,362,5912,1
66,362,15501,1
67,362,15683,1
68,362,21112,1
69,362,22291,1
70,362,31940,1
71,362,34120,1
72,362,55080,1
73,362,82858,1
74,362,93574,1
75,362,93662,1
76,362,97494,1
77,362,107375,1
78,362,117847,1
79,362,131691,1
80,362,133421,1
81,362,141365,1
82,362,148676,1
83,362,148888,1
84,362,149006,1
85,362,150402,1
86,362,150488,1
87,362,150495,1
88,362,150497,1
89,362,150650,1
90,362,184937,1
91,362,184968,1
92,362,186643,1
93,362,186905,1
94,362,188348,1
95,362,190116,1
96,362,194606,1
97,362,194622,1
98,362,194631,1
99,362,194692,1
100,362,194791,1
101,362,195042,1
102,362,200634,1
103,362,206215,1
104,362,207014,1
105,362,209026,1
106,362,210823,1
107,362,224193,1
108,362,225253,1
109,362,229711,1
110,362,253452,1
111,362,253716,1
112,362,253790,1
113,362,254552,1
114,362,255525,1
115,362,255733,1
116,362,255961,1
117,362,256935,1
118,362,257101,1
119,362,257495,1
120,362,264608,1
121,362,274392,1
122,567,182,1
123,567,184,1
124,567,3441,1
125,567,10883,1
126,567,16744,1
127,567,23850,1
128,567,30121,1
129,567,42528,1
130,567,46870,1
131,567,46999,1
132,567,57095,1
133,567,61761,1
134,567,74033,1
135,567,74516,1
136,567,93574,1
137,567,99247,1
138,567,101879,1
139,567,105458,1
140,567,110006,1
141,567,132549,1
142,567,134334,1
143,567,140264,1
144,567,142926,1
145,567,157600,1
146,567,169693,1
147,567,174807,1
148,567,175721,1
149,567,184885,1
150,567,185119,1
151,567,190626,1
152,567,192324,1
153,567,199257,1
154,567,211599,1
155,567,213884,1
156,567,214225,1
157,567,222253,1
158,567,225795,1
159,567,243700,1
160,567,282139,1
161,567,282367,1
162,815,213,1
163,815,720,1
164,815,3525,1
165,815,4774,1
166,815,7037,1
167,815,8285,1
168,815,17881,1
169,815,18086,1
170,815,23647,1
171,815,28062,1
172,815,37907,1
173,815,93564,1
174,815,93678,1
175,815,115715,1
176,815,119696,1
177,815,128247,1
178,815,137367,1
179,815,147830,1
180,815,187893,1
181,815,202372,1
182,815,237820,1
183,815,243626,1
184,815,271749,1
185,815,282019,1
186,815,282027,1
187,815,282036,1
188,815,282038,1
189,815,282041,1
190,815,282056,1
191,815,282065,1
192,815,282131,1
193,815,282134,1
194,815,282141,1
195,815,282143,1
196,815,282146,1
197,815,282158,1
198,815,282166,1
199,815,282179,1
200,815,282184,1
201,815,282195,1
202,815,282227,1
203,815,282278,1
204,815,282283,1
205,815,282295,1
206,815,282451,1
207,919,397,1
208,919,553,1
209,919,734,1
210,919,3101,1
211,919,4072,1
212,919,5169,1
213,919,7335,1
214,919,7548,1
215,919,7809,1
216,919,8882,1
217,919,15457,1
218,919,16788,1
219,919,16790,1
220,919,25821,1
221,919,28211,1
222,919,33157,1
223,919,34055,1
224,919,34223,1
225,919,34369,1
226,919,34763,1
227,919,43817,1
228,919,44138,1
229,919,44386,1
230,919,57977,1
231,919,60539,1
232,919,64844,1
233,919,83434,1
234,919,87550,1
235,919,92553,1
236,919,119242,1
237,919,119556,1
238,919,119730,1
239,919,126109,1
240,919,194281,1
241,919,213124,1
242,919,282003,1
243,919,282011,1
244,919,282017,1
245,919,282020,1
246,919,282022,1
247,919,282069,1
248,919,282098,1
249,919,282143,1
250,919,282158,1
251,919,282179,1
252,919,282227,1
253,919,282263,1
254,919,282449,1
255,919,282817,1
256,919,282992,1
257,919,283832,1
258,1128,279,1
259,1128,111625,1
260,1128,194515,1
261,1128,205874,1
262,1128,245722,1
263,1128,278762,1
264,1128,282003,1
265,1128,282004,1
266,1128,282011,1
267,1128,282016,1
268,1128,282017,1
269,1128,282019,1
270,1128,282020,1
271,1128,282027,1
272,1128,282036,1
273,1128,282038,1
274,1128,282048,1
275,1128,282051,1
276,1128,282055,1
277,1128,282056,1
278,1128,282062,1
279,1128,282088,1
280,1128,282113,1
281,1128,282131,1
282,1128,282141,1
283,1128,282143,1
284,1128,282146,1
285,1128,282157,1
286,1128,282158,1
287,1128,282162,1
288,1128,282166,1
289,1128,282168,1
290,1128,282179,1
291,1128,282214,1
292,1128,282217,1
293,1128,282245,1
294,1128,282246,1
295,1128,282263,1
296,1128,282275,1
297,1128,282283,1
298,1128,282295,1
299,1128,282301,1
300,1128,282312,1
301,1128,282389,1
302,1128,282435,1
303,1128,282464,1
304,1128,282480,1
305,1128,282555,1
306,1128,282556,1
307,1128,282967,1
308,1465,329,1
309,1465,32371,1
310,1465,32559,1
311,1465,33285,1
312,1465,33325,1
313,1465,68602,1
314,1465,73788,1
315,1465,74755,1
316,1465,74989,1
317,1465,76228,1
318,1465,126264,1
319,1465,126676,1
320,1465,146756,1
321,1465,172059,1
322,1465,172919,1
323,1465,195789,1
324,1465,246470,1
325,1465,246591,1
326,1465,246725,1
327,1465,246779,1
328,1465,246794,1
329,1465,247001,1
330,1465,247003,1
331,1465,247111,1
332,1465,247725,1
333,1465,247911,1
334,1465,248263,1
335,1465,249101,1
336,1465,251403,1
337,1465,253535,1
338,1465,254924,1
339,1465,255448,1
340,1465,255634,1
341,1465,256003,1
342,1465,256535,1
343,1465,256710,1
344,1465,256922,1
345,1465,257156,1
346,1465,257201,1
347,1465,257337,1
348,1465,257527,1
349,1465,258170,1
350,1465,262212,1
351,1465,263686,1
352,1927,508,1
353,1927,3421,1
354,1927,10894,1
355,1927,19278,1
356,1927,50895,1
357,1927,60495,1
358,1927,65643,1
359,1927,65645,1
360,1927,68387,1
361,1927,68918,1
362,1927,76754,1
363,1927,91698,1
364,1927,111836,1
365,1927,119098,1
366,1927,121379,1
367,1927,123088,1
368,1927,134526,1
369,1927,134560,1
370,1927,134652,1
371,1927,135116,1
372,1927,135260,1
373,1927,151601,1
374,1927,180343,1
375,1927,180466,1
376,1927,180470,1
377,1927,180561,1
378,1927,180637,1
379,1927,180832,1
380,1927,181212,1
381,1927,181423,1
382,1927,182421,1
383,1927,182986,1
384,1927,185510,1
385,1927,193056,1
386,1927,193248,1
387,1927,236911,1
388,1927,262788,1
389,1927,266667,1
390,1927,272191,1
391,1927,272753,1
392,1927,277540,1
393,1927,278931,1
394,1927,280384,1
395,1927,281257,1
396,1955,513,1
397,1955,1157,1
398,1955,44671,1
399,1955,56802,1
400,1955,74824,1
401,1955,85178,1
402,1955,93564,1
403,1955,93574,1
404,1955,93578,1
405,1955,93841,1
406,1955,175437,1
407,1955,194511,1
408,1955,194513,1
409,1955,194521,1
410,1955,194523,1
411,1955,194601,1
412,1955,194624,1
413,1955,194651,1
414,1955,194745,1
415,1955,205945,1
416,1955,211143,1
417,1955,211184,1
418,1955,211211,1
419,1955,211279,1
420,1955,211372,1
421,1955,211527,1
422,1955,211609,1
423,1955,211735,1
424,1955,211799,1
425,1955,211899,1
426,1955,211997,1
427,1955,212036,1
428,1955,212258,1
429,1955,212360,1
430,1955,212667,1
431,1955,212794,1
432,1955,212887,1
433,1955,213000,1
434,1955,213117,1
435,1955,213418,1
436,1955,213654,1
437,1955,227592,1
438,1955,239670,1
439,1955,266679,1
440,2010,530,1
441,2010,905,1
442,2010,1407,1
443,2010,1874,1
444,2010,2794,1
445,2010,2916,1
446,2010,4924,1
447,2010,5161,1
448,2010,5402,1
449,2010,9406,1
450,2010,10783,1
451,2010,33842,1
452,2010,88854,1
453,2010,92094,1
454,2010,103699,1
455,2010,112331,1
456,2010,112760,1
457,2010,115217,1
458,2010,119355,1
459,2010,166563,1
460,2010,188958,1
461,2010,224592,1
462,2010,278074,1
463,2010,279365,1
464,2010,282004,1
465,2010,282018,1
466,2010,282027,1
467,2010,282030,1
468,2010,282036,1
469,2010,282048,1
470,2010,282058,1
471,2010,282069,1
472,2010,282098,1
473,2010,282108,1
474,2010,282113,1
475,2010,282116,1
476,2010,282171,1
477,2010,282179,1
478,2010,282184,1
479,2010,282251,1
480,2010,282263,1
481,2010,282278,1
482,2010,282301,1
483,2010,282308,1
484,2010,282464,1
485,2010,282767,1
486,2010,282947,1
487,2280,554,1
488,2280,2870,1
489,2280,4463,1
490,2280,4727,1
491,2280,7947,1
492,2280,8387,1
493,2280,14178,1
494,2280,14913,1
495,2280,20708,1
496,2280,24189,1
497,2280,29841,1
498,2280,36084,1
499,2280,45359,1
500,2280,107153,1
501,2280,119021,1
502,2280,119820,1
503,2280,120073,1
504,2280,149235,1
505,2280,177321,1
506,2280,191944,1
507,2280,209386,1
508,2280,211873,1
509,2280,223280,1
510,2280,238461,1
511,2280,253501,1
512,2280,256886,1
513,2280,268026,1
514,2280,273464,1
515,2280,276148,1
516,2280,282003,1
517,2280,282016,1
518,2280,282018,1
519,2280,282019,1
520,2280,282030,1
521,2280,282036,1
522,2280,282038,1
523,2280,282041,1
524,2280,282055,1
525,2280,282056,1
526,2280,282062,1
527,2280,282065,1
528,2280,282067,1
529,2280,282069,1
530,2280,282088,1
531,2280,282116,1
532,2280,282128,1
533,2280,282143,1
534,2280,282145,1
535,2280,282157,1
536,2280,282162,1
537,2280,282166,1
538,2280,282179,1
539,2280,282246,1
540,2280,282251,1
541,2280,282256,1
542,2280,282263,1
543,2280,282278,1
544,2280,282291,1
545,2280,282295,1
546,2280,282301,1
547,2280,282335,1
548,2280,282349,1
549,2280,282480,1
550,2280,282555,1
551,2892,734,1
552,2892,1934,1
553,2892,10819,1
554,2892,21439,1
555,2892,25194,1
556,2892,30856,1
557,2892,43554,1
558,2892,55943,1
559,2892,60907,1
560,2892,70789,1
561,2892,74281,1
562,2892,79286,1
563,2892,106464,1
564,2892,134667,1
565,2892,151363,1
566,2892,157401,1
567,2892,157740,1
568,2892,192098,1
569,2892,193545,1
570,2892,198501,1
571,2892,211290,1
572,2892,274895,1
573,2892,282003,1
574,2892,282004,1
575,2892,282011,1
576,2892,282016,1
577,2892,282017,1
578,2892,282018,1
579,2892,282019,1
580,2892,282020,1
581,2892,282027,1
582,2892,282030,1
583,2892,282036,1
584,2892,282038,1
585,2892,282041,1
586,2892,282054,1
587,2892,282055,1
588,2892,282056,1
589,2892,282062,1
590,2892,282065,1
591,2892,282067,1
592,2892,282072,1
593,2892,282088,1
594,2892,282101,1
595,2892,282107,1
596,2892,282108,1
597,2892,282112,1
598,2892,282113,1
599,2892,282116,1
600,2892,282123,1
601,2892,282128,1
602,2892,282131,1
603,2892,282134,1
604,2892,282143,1
605,2892,282146,1
606,2892,282153,1
607,2892,282158,1
608,2892,282166,1
609,2892,282171,1
610,2892,282179,1
611,2892,282184,1
612,2892,282186,1
613,2892,282195,1
614,2892,282209,1
615,2892,282227,1
616,2892,282246,1
617,2892,282256,1
618,2892,282263,1
619,2892,282278,1
620,2892,282283,1
621,2892,282291,1
622,2892,282295,1
623,2892,282301,1
624,2892,282308,1
625,2892,282312,1
626,2892,282335,1
627,2892,282464,1
628,2892,282480,1
629,2892,283046,1
630,3580,981,1
631,3580,11823,1
632,3580,14513,1
633,3580,15480,1
634,3580,16771,1
635,3580,17840,1
636,3580,18685,1
637,3580,18912,1
638,3580,21819,1
639,3580,21999,1
640,3580,25144,1
641,3580,25843,1
642,3580,37110,1
643,3580,55339,1
644,3580,74374,1
645,3580,76910,1
646,3580,79232,1
647,3580,79235,1
648,3580,79348,1
649,3580,80096,1
650,3580,85163,1
651,3580,90513,1
652,3580,93564,1
653,3580,93574,1
654,3580,93575,1
655,3580,105829,1
656,3580,109677,1
657,3580,111025,1
658,3580,112172,1
659,3580,114902,1
660,3580,126569,1
661,3580,139346,1
662,3580,143575,1
663,3580,144744,1
664,3580,162864,1
665,3580,163825,1
666,3580,166830,1
667,3580,169886,1
668,3580,178292,1
669,3580,184834,1
670,3580,184844,1
671,3580,194539,1
672,3580,194614,1
673,3580,205174,1
674,3580,211179,1
675,3580,211193,1
676,3580,211281,1
677,3580,211347,1
678,3580,211758,1
679,3580,211988,1
680,3580,212151,1
681,3580,212178,1
682,3580,212189,1
683,3580,212527,1
684,3580,214151,1
685,3580,214186,1
686,3580,214597,1
687,3580,214623,1
688,3580,218607,1
689,3580,218678,1
690,3580,218687,1
691,3580,219549,1
692,3580,246162,1
693,3580,252503,1
694,3580,253879,1
695,3580,254628,1
696,3580,254780,1
697,3580,256572,1
698,3580,275077,1
699,4420,1321,1
700,4420,138672,1
701,4420,192857,1
702,4420,201229,1
703,4420,265658,1
704,4420,273332,1
705,4420,282003,1
706,4420,282004,1
707,4420,282006,1
708,4420,282016,1
709,4420,282017,1
710,4420,282018,1
711,4420,282019,1
712,4420,282020,1
713,4420,282030,1
714,4420,282036,1
715,4420,282038,1
716,4420,282041,1
717,4420,282065,1
718,4420,282107,1
719,4420,282113,1
720,4420,282116,1
721,4420,282123,1
722,4420,282131,1
723,4420,282143,1
724,4420,282146,1
725,4420,282157,1
726,4420,282162,1
727,4420,282171,1
728,4420,282179,1
729,4420,282184,1
730,4420,282195,1
731,4420,282237,1
732,4420,282246,1
733,4420,282278,1
734,4420,282291,1
735,4420,282301,1
736,4420,282349,1
737,4420,282435,1
738,4420,282443,1
739,4420,282480,1
740,4420,282923,1
741,4420,282955,1
742,5083,213,1
743,5083,1603,1
744,5083,1691,1
745,5083,14772,1
746,5083,69635,1
747,5083,106118,1
748,5083,108219,1
749,5083,116223,1
750,5083,119737,1
751,5083,155502,1
752,5083,206152,1
753,5083,218607,1
754,5083,275713,1
755,5083,282003,1
756,5083,282004,1
757,5083,282016,1
758,5083,282019,1
759,5083,282020,1
760,5083,282030,1
761,5083,282048,1
762,5083,282051,1
763,5083,282062,1
764,5083,282069,1
765,5083,282072,1
766,5083,282095,1
767,5083,282113,1
768,5083,282116,1
769,5083,282133,1
770,5083,282166,1
771,5083,282179,1
772,5083,282256,1
773,5083,282263,1
774,5083,282291,1
775,5083,282301,1
776,5083,282308,1
777,5083,282435,1
778,5083,282480,1
779,5147,1620,1
780,5147,17392,1
781,5147,199667,1
782,5147,282003,1
783,5147,282011,1
784,5147,282017,1
785,5147,282019,1
786,5147,282020,1
787,5147,282027,1
788,5147,282036,1
789,5147,282048,1
790,5147,282051,1
791,5147,282055,1
792,5147,282056,1
793,5147,282069,1
794,5147,282088,1
795,5147,282108,1
796,5147,282112,1
797,5147,282113,1
798,5147,282116,1
799,5147,282123,1
800,5147,282143,1
801,5147,282158,1
802,5147,282184,1
803,5147,282263,1
804,5147,282278,1
805,5147,282291,1
806,5147,282295,1
807,5147,282301,1
808,5147,282349,1
809,5147,282464,1
810,5147,282480,1
811,6690,2216,1
812,6690,11810,1
813,6690,25162,1
814,6690,53597,1
815,6690,61317,1
816,6690,61331,1
817,6690,65702,1
818,6690,80096,1
819,6690,87368,1
820,6690,95183,1
821,6690,102659,1
822,6690,102697,1
823,6690,103178,1
824,6690,103719,1
825,6690,109745,1
826,6690,109988,1
827,6690,126625,1
828,6690,137039,1
829,6690,139308,1
830,6690,150478,1
831,6690,169276,1
832,6690,194394,1
833,6690,246112,1
834,6690,246963,1
835,6690,254186,1
836,6690,282007,1
837,6690,282011,1
838,6690,282038,1
839,6690,282041,1
840,6690,282051,1
841,6690,282098,1
842,6690,282143,1
843,6690,282246,1
844,6690,282278,1
845,6690,282283,1
846,6690,282291,1
847,6690,282301,1
848,6690,282335,1
849,6690,282349,1
850,6704,2197,1
851,6704,3456,1
852,6704,11799,1
853,6704,18381,1
854,6704,37145,1
855,6704,49760,1
856,6704,60549,1
857,6704,61439,1
858,6704,64254,1
859,6704,69779,1
860,6704,76804,1
861,6704,79347,1
862,6704,79365,1
863,6704,80042,1
864,6704,90505,1
865,6704,93564,1
866,6704,93571,1
867,6704,93836,1
868,6704,117439,1
869,6704,118727,1
870,6704,119495,1
871,6704,120103,1
872,6704,122399,1
873,6704,137417,1
874,6704,137446,1
875,6704,150491,1
876,6704,150530,1
877,6704,160191,1
878,6704,169755,1
879,6704,172681,1
880,6704,174908,1
881,6704,178190,1
882,6704,194512,1
883,6704,194520,1
884,6704,194600,1
885,6704,194696,1
886,6704,198038,1
887,6704,207011,1
888,6704,211212,1
889,6704,211281,1
890,6704,211347,1
891,6704,211574,1
892,6704,212069,1
893,6704,212373,1
894,6704,214842,1
895,6704,218537,1
896,6704,264886,1
897,6704,268348,1
898,6810,2285,1
899,6810,9123,1
900,6810,11168,1
901,6810,17866,1
902,6810,48834,1
903,6810,195259,1
904,6810,212090,1
905,6810,271157,1
906,6810,282003,1
907,6810,282011,1
908,6810,282016,1
909,6810,282017,1
910,6810,282019,1
911,6810,282027,1
912,6810,282030,1
913,6810,282036,1
914,6810,282038,1
915,6810,282056,1
916,6810,282062,1
917,6810,282065,1
918,6810,282069,1
919,6810,282088,1
920,6810,282095,1
921,6810,282113,1
922,6810,282116,1
923,6810,282133,1
924,6810,282141,1
925,6810,282166,1
926,6810,282171,1
927,6810,282184,1
928,6810,282246,1
929,6810,282263,1
930,6810,282301,1
931,6810,282389,1
932,6810,282435,1
933,6810,282555,1
934,6810,282717,1
935,6810,282789,1
936,6810,282810,1
937,6810,282977,1
938,6810,283692,1
939,6810,283943,1
940,6810,284353,1
941,6810,286808,1
942,6810,287487,1
943,6810,288215,1
944,6810,288928,1
945,6810,289110,1
946,6810,289647,1
947,6810,289841,1
948,6810,289879,1
949,6810,290359,1
950,6810,290619,1
951,6810,291534,1
952,6810,292069,1
953,6810,292245,1
954,6994,2285,1
955,6994,28487,1
956,6994,47315,1
957,6994,47758,1
958,6994,57223,1
959,6994,67332,1
960,6994,68242,1
961,6994,74879,1
962,6994,80195,1
963,6994,80921,1
964,6994,81840,1
965,6994,85634,1
966,6994,112416,1
967,6994,114062,1
968,6994,117032,1
969,6994,123126,1
970,6994,137521,1
971,6994,137920,1
972,6994,139065,1
973,6994,169903,1
974,6994,171599,1
975,6994,173335,1
976,6994,173340,1
977,6994,178378,1
978,6994,178544,1
979,6994,178831,1
980,6994,181048,1
981,6994,185001,1
982,6994,189340,1
983,6994,199662,1
984,6994,224007,1
985,6994,225723,1
986,6994,225954,1
987,6994,226966,1
988,6994,228319,1
989,6994,238849,1
990,6994,240243,1
991,6994,249776,1
992,6994,250298,1
993,6994,254647,1
994,6994,255045,1
995,6994,255357,1
996,6994,255462,1
997,6994,270518,1
998,6994,272358,1
999,6994,275960,1
1000,7021,213,1
1001,7021,2272,1
1002,7021,21259,1
1003,7021,23877,1
1004,7021,34020,1
1005,7021,34270,1
1006,7021,48140,1
1007,7021,56825,1
1008,7021,59893,1
1009,7021,61728,1
1010,7021,65588,1
1011,7021,93803,1
1012,7021,95183,1
1013,7021,102844,1
1014,7021,109682,1
1015,7021,117439,1
1016,7021,140168,1
1017,7021,179486,1
1018,7021,182710,1
1019,7021,190326,1
1020,7021,194523,1
1021,7021,210144,1
1022,7021,219292,1
1023,7021,237791,1
1024,7021,239101,1
1025,7021,253748,1
1026,7021,267171,1
1027,7021,282011,1
1028,7021,282016,1
1029,7021,282030,1
1030,7021,282036,1
1031,7021,282044,1
1032,7021,282048,1
1033,7021,282051,1
1034,7021,282055,1
1035,7021,282062,1
1036,7021,282065,1
1037,7021,282072,1
1038,7021,282088,1
1039,7021,282095,1
1040,7021,282098,1
1041,7021,282112,1
1042,7021,282133,1
1043,7021,282146,1
1044,7021,282179,1
1045,7021,282184,1
1046,7021,282245,1
1047,7021,282246,1
1048,7021,282263,1
1049,7021,282291,1
1050,7021,282308,1
1051,7021,282409,1
1052,7021,282435,1
1053,7021,282717,1
1054,7021,282838,1
1055,7965,2844,1
1056,7965,12867,1
1057,7965,19115,1
1058,7965,30513,1
1059,7965,34916,1
1060,7965,39196,1
1061,7965,47650,1
1062,7965,54663,1
1063,7965,54991,1
1064,7965,55282,1
1065,7965,65588,1
1066,7965,74519,1
1067,7965,78557,1
1068,7965,82318,1
1069,7965,86424,1
1070,7965,97488,1
1071,7965,103108,1
1072,7965,103595,1
1073,7965,103742,1
1074,7965,104701,1
1075,7965,113686,1
1076,7965,115865,1
1077,7965,116568,1
1078,7965,137500,1
1079,7965,146401,1
1080,7965,150040,1
1081,7965,150522,1
1082,7965,156117,1
1083,7965,164006,1
1084,7965,169205,1
1085,7965,176598,1
1086,7965,176852,1
1087,7965,178912,1
1088,7965,185078,1
1089,7965,191431,1
1090,7965,194788,1
1091,7965,203430,1
1092,7965,209175,1
1093,7965,210570,1
1094,7965,214694,1
1095,7965,225224,1
1096,7965,225611,1
1097,7965,246212,1
1098,7965,246240,1
1099,7965,247149,1
1100,7965,254915,1
1101,7965,255152,1
1102,7965,257346,1
1103,7965,260536,1
1104,7965,261477,1
1105,7965,262163,1
1106,7965,270235,1
1107,8566,3181,1
1108,8566,22049,1
1109,8566,25978,1
1110,8566,31310,1
1111,8566,53860,1
1112,8566,53928,1
1113,8566,55136,1
1114,8566,56466,1
1115,8566,65290,1
1116,8566,78173,1
1117,8566,80783,1
1118,8566,89023,1
1119,8566,89048,1
1120,8566,102813,1
1121,8566,137122,1
1122,8566,137601,1
1123,8566,150472,1
1124,8566,199098,1
1125,8566,206531,1
1126,8566,207500,1
1127,8566,207765,1
1128,8566,208285,1
1129,8566,221030,1
1130,8566,221538,1
1131,8566,224282,1
1132,8566,224458,1
1133,8566,226328,1
1134,8566,238095,1
1135,8566,241936,1
1136,8566,250738,1
1137,8566,253378,1
1138,8566,255281,1
1139,8566,267450,1
1140,8566,267584,1
1141,8566,267812,1
1142,8566,268131,1
1143,8566,270158,1
1144,8566,270265,1
1145,8566,276269,1
1146,9108,3418,1
1147,9108,3715,1
1148,9108,5568,1
1149,9108,5578,1
1150,9108,11799,1
1151,9108,12585,1
1152,9108,15167,1
1153,9108,18381,1
1154,9108,22043,1
1155,9108,25185,1
1156,9108,26822,1
1157,9108,40589,1
1158,9108,42401,1
1159,9108,44966,1
1160,9108,44988,1
1161,9108,60396,1
1162,9108,61439,1
1163,9108,69805,1
1164,9108,71921,1
1165,9108,79332,1
1166,9108,79475,1
1167,9108,79492,1
1168,9108,90612,1
1169,9108,102687,1
1170,9108,107451,1
1171,9108,109583,1
1172,9108,109585,1
1173,9108,109627,1
1174,9108,115073,1
1175,9108,117439,1
1176,9108,126186,1
1177,9108,143627,1
1178,9108,143736,1
1179,9108,143894,1
1180,9108,148351,1
1181,9108,150535,1
1182,9108,151225,1
1183,9108,151789,1
1184,9108,160066,1
1185,9108,166723,1
1186,9108,170875,1
1187,9108,171070,1
1188,9108,172797,1
1189,9108,173697,1
1190,9108,174224,1
1191,9108,174231,1
1192,9108,174247,1
1193,9108,174332,1
1194,9108,174498,1
1195,9108,174834,1
1196,9108,174860,1
1197,9108,175215,1
1198,9108,178220,1
1199,9108,214611,1
1200,9108,214625,1
1201,9108,214714,1
1202,9108,214763,1
1203,9108,214830,1
1204,9108,215043,1
1205,9108,219772,1
1206,9108,229883,1
1207,9108,268299,1
1208,9108,269172,1
1209,9108,272942,1
1210,9469,3486,1
1211,9469,10156,1
1212,9469,14927,1
1213,9469,14998,1
1214,9469,18610,1
1215,9469,18717,1
1216,9469,18743,1
1217,9469,25683,1
1218,9469,36175,1
1219,9469,37110,1
1220,9469,37142,1
1221,9469,56718,1
1222,9469,57189,1
1223,9469,109682,1
1224,9469,137316,1
1225,9469,176163,1
1226,9469,176175,1
1227,9469,176525,1
1228,9469,176580,1
1229,9469,176581,1
1230,9469,176763,1
1231,9469,177571,1
1232,9469,177748,1
1233,9469,178264,1
1234,9469,178473,1
1235,9469,179312,1
1236,9469,179942,1
1237,9469,180032,1
1238,9469,249343,1
1239,9469,256153,1
1240,9469,259250,1
1241,9469,277742,1
1242,9673,3596,1
1243,9673,4356,1
1244,9673,12920,1
1245,9673,12994,1
1246,9673,16868,1
1247,9673,16890,1
1248,9673,25128,1
1249,9673,25156,1
1250,9673,25198,1
1251,9673,25453,1
1252,9673,25722,1
1253,9673,30588,1
1254,9673,39173,1
1255,9673,46128,1
1256,9673,46218,1
1257,9673,46264,1
1258,9673,47051,1
1259,9673,61358,1
1260,9673,61375,1
1261,9673,62374,1
1262,9673,62884,1
1263,9673,63119,1
1264,9673,63304,1
1265,9673,63424,1
1266,9673,63483,1
1267,9673,73835,1
1268,9673,76776,1
1269,9673,79568,1
1270,9673,93574,1
1271,9673,102680,1
1272,9673,102702,1
1273,9673,102740,1
1274,9673,103432,1
1275,9673,107352,1
1276,9673,107697,1
1277,9673,137881,1
1278,9673,138284,1
1279,9673,138499,1
1280,9673,139031,1
1281,9673,151701,1
1282,9673,152510,1
1283,9673,160417,1
1284,9673,189594,1
1285,9673,195305,1
1286,9673,195333,1
1287,9673,196038,1
1288,9673,214959,1
1289,9673,238761,1
1290,9673,253731,1
1291,9673,253986,1
1292,9673,254356,1
1293,9673,255189,1
1294,9673,258006,1
1295,9673,262601,1
1296,9673,263666,1
1297,13405,213,1
1298,13405,5149,1
1299,13405,13906,1
1300,13405,32203,1
1301,13405,32204,1
1302,13405,53618,1
1303,13405,61428,1
1304,13405,65583,1
1305,13405,65586,1
1306,13405,83223,1
1307,13405,85161,1
1308,13405,85165,1
1309,13405,93564,1
1310,13405,95190,1
1311,13405,105829,1
1312,13405,107536,1
1313,13405,117439,1
1314,13405,117463,1
1315,13405,121546,1
1316,13405,131385,1
1317,13405,150461,1
1318,13405,155885,1
1319,13405,155905,1
1320,13405,159497,1
1321,13405,161324,1
1322,13405,184853,1
1323,13405,194513,1
1324,13405,194516,1
1325,13405,194524,1
1326,13405,194533,1
1327,13405,194563,1
1328,13405,194570,1
1329,13405,202475,1
1330,13405,214911,1
1331,13405,218552,1
1332,13405,220743,1
1333,13405,240429,1
1334,13405,246652,1
1335,13405,248619,1
1336,13405,266014,1
1337,13886,5481,1
1338,13886,12632,1
1339,13886,14864,1
1340,13886,24923,1
1341,13886,39469,1
1342,13886,44707,1
1343,13886,46162,1
1344,13886,48118,1
1345,13886,50981,1
1346,13886,53890,1
1347,13886,59102,1
1348,13886,59326,1
1349,13886,61379,1
1350,13886,85169,1
1351,13886,100524,1
1352,13886,114948,1
1353,13886,144138,1
1354,13886,171606,1
1355,13886,172810,1
1356,13886,216756,1
1357,13886,222438,1
1358,13886,271037,1
1359,13886,272136,1
1360,13886,272700,1
1361,13886,274126,1
1362,13886,275979,1
1363,13886,277409,1
1364,13886,282003,1
1365,13886,282011,1
1366,13886,282036,1
1367,13886,282038,1
1368,13886,282048,1
1369,13886,282069,1
1370,13886,282088,1
1371,13886,282095,1
1372,13886,282108,1
1373,13886,282113,1
1374,13886,282116,1
1375,13886,282128,1
1376,13886,282134,1
1377,13886,282157,1
1378,13886,282162,1
1379,13886,282166,1
1380,13886,282179,1
1381,13886,282195,1
1382,13886,282220,1
1383,13886,282278,1
1384,13886,282282,1
1385,13886,282301,1
1386,13886,282480,1
1387,13886,282632,1
1388,13886,282717,1
1389,13886,282843,1
1390,15282,6034,1
1391,15282,18430,1
1392,15282,21853,1
1393,15282,40849,1
1394,15282,53812,1
1395,15282,54501,1
1396,15282,60787,1
1397,15282,64174,1
1398,15282,68297,1
1399,15282,72094,1
1400,15282,93611,1
1401,15282,98553,1
1402,15282,105825,1
1403,15282,111998,1
1404,15282,126893,1
1405,15282,127081,1
1406,15282,134959,1
1407,15282,140398,1
1408,15282,143637,1
1409,15282,147456,1
1410,15282,147490,1
1411,15282,148066,1
1412,15282,166111,1
1413,15282,184978,1
1414,15282,185254,1
1415,15282,190727,1
1416,15282,191667,1
1417,15282,219885,1
1418,15282,219993,1
1419,15282,226161,1
1420,15282,253655,1
1421,15282,257156,1
1422,15282,261911,1
1423,15282,262907,1
1424,15282,264353,1
1425,15686,6206,1
1426,15686,8971,1
1427,15686,9002,1
1428,15686,12246,1
1429,15686,15496,1
1430,15686,16765,1
1431,15686,23184,1
1432,15686,26589,1
1433,15686,28504,1
1434,15686,49789,1
1435,15686,61121,1
1436,15686,69805,1
1437,15686,76777,1
1438,15686,76910,1
1439,15686,79595,1
1440,15686,86107,1
1441,15686,90529,1
1442,15686,109585,1
1443,15686,109627,1
1444,15686,109677,1
1445,15686,114902,1
1446,15686,115174,1
1447,15686,115507,1
1448,15686,139643,1
1449,15686,140124,1
1450,15686,148251,1
1451,15686,151225,1
1452,15686,157431,1
1453,15686,160066,1
1454,15686,161914,1
1455,15686,164639,1
1456,15686,169590,1
1457,15686,174189,1
1458,15686,174640,1
1459,15686,174836,1
1460,15686,174908,1
1461,15686,175215,1
1462,15686,179792,1
1463,15686,214989,1
1464,15686,266816,1
1465,15686,268691,1
1466,15773,6254,1
1467,15773,6883,1
1468,15773,13186,1
1469,15773,13197,1
1470,15773,18450,1
1471,15773,20225,1
1472,15773,22290,1
1473,15773,32203,1
1474,15773,32204,1
1475,15773,36092,1
1476,15773,42581,1
1477,15773,52548,1
1478,15773,53597,1
1479,15773,53617,1
1480,15773,53801,1
1481,15773,53855,1
1482,15773,53959,1
1483,15773,54185,1
1484,15773,64105,1
1485,15773,65585,1
1486,15773,74008,1
1487,15773,80215,1
1488,15773,93564,1
1489,15773,97391,1
1490,15773,102740,1
1491,15773,117439,1
1492,15773,126397,1
1493,15773,134538,1
1494,15773,137058,1
1495,15773,137123,1
1496,15773,150454,1
1497,15773,176281,1
1498,15773,178970,1
1499,15773,184816,1
1500,15773,184860,1
1501,15773,184918,1
1502,15773,184937,1
1503,15773,184963,1
1504,15773,184974,1
1505,15773,185037,1
1506,15773,185064,1
1507,15773,185084,1
1508,15773,185140,1
1509,15773,185167,1
1510,15773,185169,1
1511,15773,185177,1
1512,15773,185284,1
1513,15773,185658,1
1514,15773,194586,1
1515,15773,194647,1
1516,15773,195153,1
1517,15773,209110,1
1518,15773,218541,1
1519,15773,218644,1
1520,15773,218678,1
1521,15773,218720,1
1522,15773,218855,1
1523,15773,221914,1
1524,15773,247286,1
1525,15773,255410,1
1526,15773,267568,1
1527,16081,213,1
1528,16081,6593,1
1529,16081,13079,1
1530,16081,19698,1
1531,16081,22806,1
1532,16081,35754,1
1533,16081,44246,1
1534,16081,56402,1
1535,16081,66723,1
1536,16081,68769,1
1537,16081,73942,1
1538,16081,74073,1
1539,16081,76459,1
1540,16081,81431,1
1541,16081,87969,1
1542,16081,92462,1
1543,16081,97791,1
1544,16081,110627,1
1545,16081,125212,1
1546,16081,137507,1
1547,16081,139007,1
1548,16081,150929,1
1549,16081,151273,1
1550,16081,156503,1
1551,16081,160583,1
1552,16081,171156,1
1553,16081,181886,1
1554,16081,184760,1
1555,16081,189873,1
1556,16081,190577,1
1557,16081,204082,1
1558,16081,219132,1
1559,16081,224296,1
1560,16081,237681,1
1561,16081,241714,1
1562,16081,243791,1
1563,16081,246240,1
1564,16081,246718,1
1565,16081,247181,1
1566,16081,247244,1
1567,16081,250385,1
1568,16081,250636,1
1569,16672,6849,1
1570,16672,12549,1
1571,16672,17699,1
1572,16672,17740,1
1573,16672,21513,1
1574,16672,22410,1
1575,16672,22844,1
1576,16672,23052,1
1577,16672,24200,1
1578,16672,27254,1
1579,16672,27857,1
1580,16672,32236,1
1581,16672,51633,1
1582,16672,56919,1
1583,16672,64236,1
1584,16672,83592,1
1585,16672,97797,1
1586,16672,109385,1
1587,16672,109990,1
1588,16672,126630,1
1589,16672,127022,1
1590,16672,127653,1
1591,16672,129233,1
1592,16672,133701,1
1593,16672,144520,1
1594,16672,147490,1
1595,16672,170706,1
1596,16672,174746,1
1597,16672,185254,1
1598,16672,199525,1
1599,16672,200832,1
1600,16672,205849,1
1601,16672,206627,1
1602,16672,207639,1
1603,16672,222912,1
1604,16672,222951,1
1605,16672,223041,1
1606,16672,223138,1
1607,16672,240310,1
1608,16672,242537,1
1609,16672,245442,1
1610,16672,247300,1
1611,16672,247905,1
1612,16672,253671,1
1613,16672,267156,1
1614,16672,268556,1
1615,16672,268907,1
1616,16672,269846,1
1617,16672,272677,1
1618,16672,278775,1
1619,16672,281238,1
1620,17982,7415,1
1621,17982,7659,1
1622,17982,25472,1
1623,17982,27209,1
1624,17982,30515,1
1625,17982,61317,1
1626,17982,61331,1
1627,17982,61357,1
1628,17982,61463,1
1629,17982,102653,1
1630,17982,102697,1
1631,17982,102734,1
1632,17982,103069,1
1633,17982,109988,1
1634,17982,112007,1
1635,17982,112008,1
1636,17982,112015,1
1637,17982,112088,1
1638,17982,112106,1
1639,17982,112417,1
1640,17982,112519,1
1641,17982,112530,1
1642,17982,112652,1
1643,17982,112724,1
1644,17982,113101,1
1645,17982,117441,1
1646,17982,122324,1
1647,17982,122411,1
1648,17982,123165,1
1649,17982,137307,1
1650,17982,152660,1
1651,17982,155546,1
1652,17982,155662,1
1653,17982,155665,1
1654,17982,155835,1
1655,17982,164986,1
1656,17982,195679,1
1657,17982,211352,1
1658,17982,211658,1
1659,17982,211756,1
1660,17982,212341,1
1661,17982,212542,1
1662,17982,213005,1
1663,17982,213144,1
1664,17982,246112,1
1665,17982,246113,1
1666,17982,246220,1
1667,17982,246303,1
1668,17982,246656,1
1669,17982,253363,1
1670,17982,253435,1
1671,17982,253593,1
1672,17982,253669,1
1673,17982,253671,1
1674,17982,253700,1
1675,17982,253983,1
1676,17982,254256,1
1677,17982,255560,1
1678,17982,255748,1
1679,17982,256501,1
1680,18121,7656,1
1681,18121,10287,1
1682,18121,10377,1
1683,18121,12992,1
1684,18121,19075,1
1685,18121,24143,1
1686,18121,31616,1
1687,18121,45214,1
1688,18121,54585,1
1689,18121,56730,1
1690,18121,73724,1
1691,18121,74306,1
1692,18121,77872,1
1693,18121,77874,1
1694,18121,78292,1
1695,18121,80203,1
1696,18121,83259,1
1697,18121,83290,1
1698,18121,88048,1
1699,18121,103287,1
1700,18121,117932,1
1701,18121,129122,1
1702,18121,149450,1
1703,18121,151858,1
1704,18121,151988,1
1705,18121,155211,1
1706,18121,187215,1
1707,18121,189447,1
1708,18121,192797,1
1709,18121,196549,1
1710,18121,201847,1
1711,18121,219044,1
1712,18121,253373,1
1713,18121,254002,1
1714,18121,255219,1
1715,18121,256566,1
1716,18121,256912,1
1717,18121,258668,1
1718,18121,259163,1
1719,18121,260315,1
1720,18121,267616,1
1721,18898,7924,1
1722,18898,23751,1
1723,18898,45339,1
1724,18898,45367,1
1725,18898,69223,1
1726,18898,77260,1
1727,18898,77426,1
1728,18898,118862,1
1729,18898,119669,1
1730,18898,121983,1
1731,18898,128585,1
1732,18898,163232,1
1733,18898,164617,1
1734,18898,164823,1
1735,18898,165290,1
1736,18898,166231,1
1737,18898,167018,1
1738,18898,171811,1
1739,18898,189090,1
1740,18898,189237,1
1741,18898,189797,1
1742,18898,189818,1
1743,18898,190031,1
1744,18898,190661,1
1745,18898,190883,1
1746,18898,191140,1
1747,18898,191142,1
1748,18898,191289,1
1749,18898,191970,1
1750,18898,192212,1
1751,18898,192294,1
1752,18898,192882,1
1753,18898,192949,1
1754,18898,193060,1
1755,18898,193363,1
1756,18898,194009,1
1757,18898,194110,1
1758,18898,194124,1
1759,18898,194156,1
1760,18898,194210,1
1761,18898,194496,1
1762,18898,201187,1
1763,18898,202957,1
1764,18898,203371,1
1765,18898,204404,1
1766,18898,223233,1
1767,18898,224443,1
1768,18898,228185,1
1769,18898,246126,1
1770,18898,270494,1
1771,18898,270867,1
1772,18898,271250,1
1773,18898,279754,1
1774,18898,280599,1
1775,19045,7977,1
1776,19045,8462,1
1777,19045,23673,1
1778,19045,24158,1
1779,19045,37397,1
1780,19045,37940,1
1781,19045,39597,1
1782,19045,40173,1
1783,19045,40257,1
1784,19045,47817,1
1785,19045,53161,1
1786,19045,64298,1
1787,19045,81802,1
1788,19045,93564,1
1789,19045,97707,1
1790,19045,106153,1
1791,19045,106168,1
1792,19045,119407,1
1793,19045,121011,1
1794,19045,129636,1
1795,19045,140802,1
1796,19045,150478,1
1797,19045,171437,1
1798,19045,172651,1
1799,19045,185348,1
1800,19045,190906,1
1801,19045,193242,1
1802,19045,194614,1
1803,19045,214802,1
1804,19045,215984,1
1805,19045,218537,1
1806,19045,223093,1
1807,19045,226383,1
1808,19045,228391,1
1809,19045,248426,1
1810,19045,259441,1
1811,19045,282135,1
1812,19045,282139,1
1813,19045,286240,1
1814,19359,158,1
1815,19359,159,1
1816,19359,8107,1
1817,19359,8133,1
1818,19359,10175,1
1819,19359,18609,1
1820,19359,18618,1
1821,19359,18672,1
1822,19359,18720,1
1823,19359,22295,1
1824,19359,22297,1
1825,19359,25918,1
1826,19359,26021,1
1827,19359,26253,1
1828,19359,26366,1
1829,19359,26458,1
1830,19359,29482,1
1831,19359,37110,1
1832,19359,40871,1
1833,19359,42355,1
1834,19359,46531,1
1835,19359,54935,1
1836,19359,56698,1
1837,19359,56825,1
1838,19359,56870,1
1839,19359,56902,1
1840,19359,57199,1
1841,19359,68373,1
1842,19359,77644,1
1843,19359,82936,1
1844,19359,111025,1
1845,19359,126709,1
1846,19359,138048,1
1847,19359,138453,1
1848,19359,139919,1
1849,19359,140118,1
1850,19359,176114,1
1851,19359,176148,1
1852,19359,176163,1
1853,19359,176175,1
1854,19359,176214,1
1855,19359,176235,1
1856,19359,176342,1
1857,19359,176402,1
1858,19359,176416,1
1859,19359,176486,1
1860,19359,176489,1
1861,19359,176546,1
1862,19359,176599,1
1863,19359,176788,1
1864,19359,177026,1
1865,19359,177189,1
1866,19359,177390,1
1867,19359,177394,1
1868,19359,177474,1
1869,19359,177538,1
1870,19359,177748,1
1871,19359,177756,1
1872,19359,178082,1
1873,19359,178347,1
1874,19359,178446,1
1875,19359,178656,1
1876,19359,179014,1
1877,19359,179096,1
1878,19359,179318,1
1879,19359,180038,1
1880,19359,180089,1
1881,19359,180220,1
1882,19359,188730,1
1883,19359,221437,1
1884,19359,241638,1
1885,19359,256265,1
1886,19359,259187,1
1887,19359,282058,1
1888,19435,213,1
1889,19435,8224,1
1890,19435,26393,1
1891,19435,41995,1
1892,19435,42916,1
1893,19435,43222,1
1894,19435,44153,1
1895,19435,55587,1
1896,19435,58608,1
1897,19435,64260,1
1898,19435,65489,1
1899,19435,74968,1
1900,19435,76300,1
1901,19435,78574,1
1902,19435,79206,1
1903,19435,80138,1
1904,19435,123533,1
1905,19435,126669,1
1906,19435,128806,1
1907,19435,156843,1
1908,19435,160043,1
1909,19435,161551,1
1910,19435,164759,1
1911,19435,168185,1
1912,19435,176111,1
1913,19435,178525,1
1914,19435,186451,1
1915,19435,188000,1
1916,19435,190358,1
1917,19435,191742,1
1918,19435,191900,1
1919,19435,198506,1
1920,19435,220891,1
1921,19435,221095,1
1922,19435,229446,1
1923,19435,238930,1
1924,19435,252248,1
1925,19435,265389,1
1926,19435,270039,1
1927,19435,279387,1
1928,19489,8256,1
1929,19489,18247,1
1930,19489,35435,1
1931,19489,37258,1
1932,19489,38529,1
1933,19489,49757,1
1934,19489,55844,1
1935,19489,58200,1
1936,19489,128961,1
1937,19489,134621,1
1938,19489,139400,1
1939,19489,153198,1
1940,19489,155680,1
1941,19489,180748,1
1942,19489,207776,1
1943,19489,218558,1
1944,19489,247313,1
1945,19489,274951,1
1946,19489,277994,1
1947,19489,282006,1
1948,19489,282011,1
1949,19489,282017,1
1950,19489,282018,1
1951,19489,282027,1
1952,19489,282036,1
1953,19489,282038,1
1954,19489,282041,1
1955,19489,282051,1
1956,19489,282056,1
1957,19489,282069,1
1958,19489,282101,1
1959,19489,282128,1
1960,19489,282131,1
1961,19489,282158,1
1962,19489,282162,1
1963,19489,282166,1
1964,19489,282179,1
1965,19489,282184,1
1966,19489,282227,1
1967,19489,282246,1
1968,19489,282283,1
1969,19489,282295,1
1970,19489,282335,1
1971,19731,8376,1
1972,19731,26962,1
1973,19731,52686,1
1974,19731,83707,1
1975,19731,150274,1
1976,19731,156405,1
1977,19731,158471,1
1978,19731,164074,1
1979,19731,164252,1
1980,19731,164379,1
1981,19731,164433,1
1982,19731,164460,1
1983,19731,164533,1
1984,19731,164745,1
1985,19731,164838,1
1986,19731,165169,1
1987,19731,165275,1
1988,19731,165312,1
1989,19731,165331,1
1990,19731,165914,1
1991,19731,166059,1
1992,19731,166167,1
1993,19731,166365,1
1994,19731,166558,1
1995,19731,166826,1
1996,19731,167700,1
1997,19731,167926,1
1998,19731,167955,1
1999,19731,168169,1
2000,19731,168193,1
2001,19731,168275,1
2002,19731,168566,1
2003,19731,168624,1
2004,19731,168686,1
2005,19731,168757,1
2006,19731,168829,1
2007,19731,168831,1
2008,19731,168838,1
2009,19731,192759,1
2010,19731,199728,1
2011,19731,200503,1
2012,19731,201009,1
2013,19731,201685,1
2014,19731,202058,1
2015,19731,202760,1
2016,19731,203211,1
2017,19731,203263,1
2018,19731,204189,1
2019,19731,204347,1
2020,19731,207617,1
2021,19731,208791,1
2022,21015,8887,1
2023,21015,20214,1
2024,21015,22290,1
2025,21015,25550,1
2026,21015,31435,1
2027,21015,38408,1
2028,21015,39690,1
2029,21015,40850,1
2030,21015,41353,1
2031,21015,41456,1
2032,21015,41897,1
2033,21015,58321,1
2034,21015,93564,1
2035,21015,93569,1
2036,21015,93574,1
2037,21015,97429,1
2038,21015,97660,1
2039,21015,105991,1
2040,21015,110172,1
2041,21015,140296,1
2042,21015,142438,1
2043,21015,155628,1
2044,21015,156764,1
2045,21015,194510,1
2046,21015,194539,1
2047,21015,194547,1
2048,21015,195220,1
2049,21015,200056,1
2050,21015,218541,1
2051,21015,222848,1
2052,21015,227447,1
2053,21015,238027,1
2054,21594,1883,1
2055,21594,16792,1
2056,21594,37156,1
2057,21594,40849,1
2058,21594,43319,1
2059,21594,48074,1
2060,21594,52497,1
2061,21594,56874,1
2062,21594,61554,1
2063,21594,78824,1
2064,21594,94439,1
2065,21594,99931,1
2066,21594,105825,1
2067,21594,109634,1
2068,21594,111052,1
2069,21594,123557,1
2070,21594,128272,1
2071,21594,145224,1
2072,21594,149555,1
2073,21594,165355,1
2074,21594,180451,1
2075,21594,182094,1
2076,21594,184850,1
2077,21594,194544,1
2078,21594,194633,1
2079,21594,197242,1
2080,21594,199921,1
2081,21594,206158,1
2082,21594,209176,1
2083,21594,227719,1
2084,21594,238952,1
2085,21594,246134,1
2086,21594,246805,1
2087,21594,255726,1
2088,21594,264541,1
2089,21594,267653,1
2090,21594,267736,1
2091,21594,274520,1
2092,22299,9485,1
2093,22299,25720,1
2094,22299,33410,1
2095,22299,40891,1
2096,22299,61630,1
2097,22299,62381,1
2098,22299,69964,1
2099,22299,90646,1
2100,22299,90730,1
2101,22299,97221,1
2102,22299,108644,1
2103,22299,115405,1
2104,22299,116390,1
2105,22299,116749,1
2106,22299,138504,1
2107,22299,139603,1
2108,22299,143704,1
2109,22299,143830,1
2110,22299,164115,1
2111,22299,164656,1
2112,22299,171197,1
2113,22299,171452,1
2114,22299,177351,1
2115,22299,190959,1
2116,22299,195616,1
2117,22299,206153,1
2118,22299,206332,1
2119,22299,206968,1
2120,22299,215877,1
2121,22299,216159,1
2122,22299,216632,1
2123,22299,218561,1
2124,22299,228738,1
2125,22299,235203,1
2126,22299,235680,1
2127,22299,244474,1
2128,22299,244592,1
2129,22299,246959,1
2130,22299,257859,1
2131,22393,9534,1
2132,22393,21561,1
2133,22393,23822,1
2134,22393,39556,1
2135,22393,40854,1
2136,22393,40869,1
2137,22393,43947,1
2138,22393,47488,1
2139,22393,48823,1
2140,22393,53017,1
2141,22393,55419,1
2142,22393,56998,1
2143,22393,58013,1
2144,22393,74716,1
2145,22393,77002,1
2146,22393,89895,1
2147,22393,95338,1
2148,22393,97368,1
2149,22393,98084,1
2150,22393,102999,1
2151,22393,106030,1
2152,22393,106249,1
2153,22393,106276,1
2154,22393,107308,1
2155,22393,108013,1
2156,22393,108815,1
2157,22393,111328,1
2158,22393,124464,1
2159,22393,132043,1
2160,22393,135637,1
2161,22393,136291,1
2162,22393,151214,1
2163,22393,157140,1
2164,22393,157410,1
2165,22393,157554,1
2166,22393,170307,1
2167,22393,181089,1
2168,22393,187445,1
2169,22393,189108,1
2170,22393,190610,1
2171,22393,204422,1
2172,22393,218821,1
2173,22393,223826,1
2174,22393,249160,1
2175,22393,249488,1
2176,22393,251093,1
2177,22393,258870,1
2178,22515,9630,1
2179,22515,28447,1
2180,22515,29840,1
2181,22515,29915,1
2182,22515,34900,1
2183,22515,40626,1
2184,22515,40627,1
2185,22515,40781,1
2186,22515,45056,1
2187,22515,48646,1
2188,22515,58735,1
2189,22515,60397,1
2190,22515,60501,1
2191,22515,60511,1
2192,22515,60994,1
2193,22515,71183,1
2194,22515,71234,1
2195,22515,71285,1
2196,22515,71980,1
2197,22515,76824,1
2198,22515,77059,1
2199,22515,77750,1
2200,22515,85865,1
2201,22515,86429,1
2202,22515,86721,1
2203,22515,89234,1
2204,22515,102844,1
2205,22515,196252,1
2206,22515,214666,1
2207,22515,215305,1
2208,22515,215873,1
2209,22515,216083,1
2210,22515,216095,1
2211,22515,216507,1
2212,22515,216848,1
2213,22515,217817,1
2214,22515,233114,1
2215,22515,234866,1
2216,22515,246686,1
2217,22515,246864,1
2218,22515,260499,1
2219,22515,260844,1
2220,23360,213,1
2221,23360,7659,1
2222,23360,10146,1
2223,23360,13423,1
2224,23360,22323,1
2225,23360,30700,1
2226,23360,39584,1
2227,23360,40641,1
2228,23360,40742,1
2229,23360,49004,1
2230,23360,49040,1
2231,23360,49517,1
2232,23360,60751,1
2233,23360,60786,1
2234,23360,61317,1
2235,23360,70030,1
2236,23360,73291,1
2237,23360,77059,1
2238,23360,86445,1
2239,23360,93788,1
2240,23360,102180,1
2241,23360,107457,1
2242,23360,107666,1
2243,23360,107778,1
2244,23360,107855,1
2245,23360,107888,1
2246,23360,107994,1
2247,23360,108103,1
2248,23360,109030,1
2249,23360,109378,1
2250,23360,109789,1
2251,23360,109826,1
2252,23360,110535,1
2253,23360,115843,1
2254,23360,115908,1
2255,23360,117157,1
2256,23360,117441,1
2257,23360,148369,1
2258,23360,154673,1
2259,23360,164370,1
2260,23360,174587,1
2261,23360,186312,1
2262,23360,194187,1
2263,23360,195361,1
2264,23360,214802,1
2265,23360,214988,1
2266,23360,215357,1
2267,23360,215438,1
2268,23360,215756,1
2269,23360,215818,1
2270,23360,216078,1
2271,23360,216660,1
2272,23360,216673,1
2273,23360,216976,1
2274,23360,217847,1
2275,23360,217852,1
2276,23360,218384,1
2277,23360,218537,1
2278,23360,218554,1
2279,23360,225001,1
2280,23360,228329,1
2281,23360,237623,1
2282,23360,238158,1
2283,23360,246224,1
2284,23360,266081,1
2285,23360,274062,1
2286,23360,280933,1
2287,24817,10883,1
2288,24817,17926,1
2289,24817,18260,1
2290,24817,20472,1
2291,24817,20576,1
2292,24817,25232,1
2293,24817,25598,1
2294,24817,29845,1
2295,24817,32326,1
2296,24817,44347,1
2297,24817,65042,1
2298,24817,71127,1
2299,24817,71187,1
2300,24817,71194,1
2301,24817,71833,1
2302,24817,78056,1
2303,24817,94502,1
2304,24817,95325,1
2305,24817,103190,1
2306,24817,103293,1
2307,24817,117462,1
2308,24817,144641,1
2309,24817,145890,1
2310,24817,151626,1
2311,24817,154416,1
2312,24817,156417,1
2313,24817,157740,1
2314,24817,181392,1
2315,24817,185835,1
2316,24817,186080,1
2317,24817,206773,1
2318,24817,235433,1
2319,24817,266708,1
2320,24817,267646,1
2321,24817,270558,1
2322,28426,12903,1
2323,28426,14518,1
2324,28426,25359,1
2325,28426,27326,1
2326,28426,38875,1
2327,28426,42219,1
2328,28426,46890,1
2329,28426,79916,1
2330,28426,80096,1
2331,28426,95183,1
2332,28426,102762,1
2333,28426,105973,1
2334,28426,106110,1
2335,28426,117439,1
2336,28426,117516,1
2337,28426,120102,1
2338,28426,130555,1
2339,28426,131957,1
2340,28426,133779,1
2341,28426,134512,1
2342,28426,134965,1
2343,28426,140915,1
2344,28426,143479,1
2345,28426,147741,1
2346,28426,152103,1
2347,28426,155932,1
2348,28426,157463,1
2349,28426,174729,1
2350,28426,182980,1
2351,28426,187712,1
2352,28426,192538,1
2353,28426,194614,1
2354,28426,217120,1
2355,28426,218630,1
2356,28426,224543,1
2357,28426,238861,1
2358,28426,242994,1
2359,28426,244789,1
2360,28426,254593,1
2361,28426,263069,1
2362,28426,273860,1
2363,28426,285746,1
2364,28686,13059,1
2365,28686,38953,1
2366,28686,45283,1
2367,28686,53839,1
2368,28686,64248,1
2369,28686,66954,1
2370,28686,88913,1
2371,28686,90110,1
2372,28686,95598,1
2373,28686,122838,1
2374,28686,162113,1
2375,28686,214780,1
2376,28686,253374,1
2377,28686,268593,1
2378,28686,268834,1
2379,28686,278286,1
2380,28686,282003,1
2381,28686,282004,1
2382,28686,282018,1
2383,28686,282019,1
2384,28686,282041,1
2385,28686,282048,1
2386,28686,282051,1
2387,28686,282055,1
2388,28686,282058,1
2389,28686,282067,1
2390,28686,282098,1
2391,28686,282107,1
2392,28686,282108,1
2393,28686,282112,1
2394,28686,282128,1
2395,28686,282131,1
2396,28686,282145,1
2397,28686,282157,1
2398,28686,282158,1
2399,28686,282168,1
2400,28686,282184,1
2401,28686,282246,1
2402,28686,282263,1
2403,28686,282283,1
2404,28686,282295,1
2405,28686,282301,1
2406,28686,282308,1
2407,28686,282312,1
2408,28686,282349,1
2409,28686,282555,1
2410,28686,282559,1
2411,28686,282581,1
2412,28686,282632,1
2413,28686,282692,1
2414,28686,282843,1
2415,28686,283055,1
2416,28800,12873,1
2417,28800,22142,1
2418,28800,25198,1
2419,28800,27138,1
2420,28800,30427,1
2421,28800,30493,1
2422,28800,31291,1
2423,28800,43469,1
2424,28800,62447,1
2425,28800,65599,1
2426,28800,70344,1
2427,28800,70588,1
2428,28800,93564,1
2429,28800,95656,1
2430,28800,96952,1
2431,28800,97080,1
2432,28800,98000,1
2433,28800,102659,1
2434,28800,103630,1
2435,28800,103639,1
2436,28800,108087,1
2437,28800,110124,1
2438,28800,161177,1
2439,28800,183482,1
2440,28800,183708,1
2441,28800,190520,1
2442,28800,195575,1
2443,28800,196901,1
2444,28800,237639,1
2445,28800,239472,1
2446,28800,253341,1
2447,28800,253954,1
2448,28800,256464,1
2449,28800,261383,1
2450,28800,263350,1
2451,28800,269706,1
2452,28800,270472,1
2453,28800,276421,1
2454,28800,282002,1
2455,28800,282004,1
2456,28800,282018,1
2457,28800,282044,1
2458,28800,282171,1
2459,28800,282291,1
2460,28800,282435,1
2461,28800,282581,1
2462,28800,282584,1
2463,28800,282658,1
2464,28800,284285,1
2465,28800,292386,1
2466,30779,213,1
2467,30779,14007,1
2468,30779,44564,1
2469,30779,60525,1
2470,30779,66166,1
2471,30779,66531,1
2472,30779,66977,1
2473,30779,67205,1
2474,30779,67264,1
2475,30779,67312,1
2476,30779,67423,1
2477,30779,67820,1
2478,30779,67863,1
2479,30779,72381,1
2480,30779,77433,1
2481,30779,80701,1
2482,30779,97881,1
2483,30779,97885,1
2484,30779,120372,1
2485,30779,121181,1
2486,30779,140908,1
2487,30779,153618,1
2488,30779,157080,1
2489,30779,163779,1
2490,30779,163860,1
2491,30779,164116,1
2492,30779,164342,1
2493,30779,164349,1
2494,30779,164383,1
2495,30779,164503,1
2496,30779,164571,1
2497,30779,164781,1
2498,30779,165024,1
2499,30779,165146,1
2500,30779,165300,1
2501,30779,165347,1
2502,30779,165369,1
2503,30779,165497,1
2504,30779,165720,1
2505,30779,165740,1
2506,30779,165761,1
2507,30779,165773,1
2508,30779,165793,1
2509,30779,165803,1
2510,30779,166148,1
2511,30779,166242,1
2512,30779,166317,1
2513,30779,166434,1
2514,30779,166507,1
2515,30779,166525,1
2516,30779,166567,1
2517,30779,166605,1
2518,30779,166813,1
2519,30779,166902,1
2520,30779,166914,1
2521,30779,166917,1
2522,30779,167002,1
2523,30779,167058,1
2524,30779,167226,1
2525,30779,167261,1
2526,30779,167407,1
2527,30779,167451,1
2528,30779,167520,1
2529,30779,167613,1
2530,30779,167620,1
2531,30779,167634,1
2532,30779,167870,1
2533,30779,167908,1
2534,30779,167922,1
2535,30779,167932,1
2536,30779,167969,1
2537,30779,168090,1
2538,30779,168125,1
2539,30779,168131,1
2540,30779,168261,1
2541,30779,168272,1
2542,30779,168281,1
2543,30779,168364,1
2544,30779,168385,1
2545,30779,168471,1
2546,30779,168479,1
2547,30779,168586,1
2548,30779,168735,1
2549,30779,168793,1
2550,30779,168806,1
2551,30779,168869,1
2552,30779,168934,1
2553,30779,169132,1
2554,30779,169159,1
2555,30779,182293,1
2556,30779,183712,1
2557,30779,189083,1
2558,30779,189407,1
2559,30779,190016,1
2560,30779,190161,1
2561,30779,190190,1
2562,30779,190312,1
2563,30779,190788,1
2564,30779,191142,1
2565,30779,191320,1
2566,30779,191322,1
2567,30779,191555,1
2568,30779,191702,1
2569,30779,192402,1
2570,30779,193207,1
2571,30779,194188,1
2572,30779,200226,1
2573,30779,201441,1
2574,30779,201797,1
2575,30779,203500,1
2576,30779,232609,1
2577,30779,234038,1
2578,30779,234345,1
2579,30779,234388,1
2580,30779,234588,1
2581,30779,234948,1
2582,30779,235118,1
2583,30779,235218,1
2584,30779,235666,1
2585,30779,245434,1
2586,30779,266671,1
2587,30779,268813,1
2588,30779,273618,1
2589,30779,273864,1
2590,30779,274057,1
2591,30779,277142,1
2592,31348,14243,1
2593,31348,21557,1
2594,31348,21716,1
2595,31348,22534,1
2596,31348,23131,1
2597,31348,31602,1
2598,31348,35100,1
2599,31348,44359,1
2600,31348,44534,1
2601,31348,49681,1
2602,31348,51213,1
2603,31348,64433,1
2604,31348,70584,1
2605,31348,71374,1
2606,31348,71684,1
2607,31348,75323,1
2608,31348,79520,1
2609,31348,85286,1
2610,31348,85462,1
2611,31348,91237,1
2612,31348,103573,1
2613,31348,105860,1
2614,31348,105887,1
2615,31348,105986,1
2616,31348,106079,1
2617,31348,107567,1
2618,31348,110239,1
2619,31348,111094,1
2620,31348,112333,1
2621,31348,112769,1
2622,31348,113387,1
2623,31348,117539,1
2624,31348,122536,1
2625,31348,123256,1
2626,31348,123473,1
2627,31348,126118,1
2628,31348,126125,1
2629,31348,126179,1
2630,31348,126493,1
2631,31348,134665,1
2632,31348,137058,1
2633,31348,137246,1
2634,31348,138358,1
2635,31348,144111,1
2636,31348,144542,1
2637,31348,147456,1
2638,31348,147482,1
2639,31348,147853,1
2640,31348,151440,1
2641,31348,153612,1
2642,31348,153713,1
2643,31348,161554,1
2644,31348,164006,1
2645,31348,166477,1
2646,31348,169971,1
2647,31348,183621,1
2648,31348,183809,1
2649,31348,186539,1
2650,31348,192694,1
2651,31348,193333,1
2652,31348,195154,1
2653,31348,199798,1
2654,31348,201078,1
2655,31348,218716,1
2656,31348,219260,1
2657,31348,219871,1
2658,31348,222712,1
2659,31348,223932,1
2660,31348,237850,1
2661,31348,238262,1
2662,31348,244363,1
2663,31348,246958,1
2664,31348,247334,1
2665,31348,247676,1
2666,31348,248743,1
2667,31348,251881,1
2668,31348,254350,1
2669,31348,254669,1
2670,31348,267733,1
2671,31348,269894,1
2672,31348,270930,1
2673,31734,14134,1
2674,31734,28432,1
2675,31734,37118,1
2676,31734,40626,1
2677,31734,48667,1
2678,31734,52534,1
2679,31734,61609,1
2680,31734,62359,1
2681,31734,85160,1
2682,31734,93564,1
2683,31734,93565,1
2684,31734,93574,1
2685,31734,94396,1
2686,31734,102762,1
2687,31734,112440,1
2688,31734,112993,1
2689,31734,117439,1
2690,31734,117441,1
2691,31734,150461,1
2692,31734,152375,1
2693,31734,156188,1
2694,31734,174594,1
2695,31734,194520,1
2696,31734,194533,1
2697,31734,194543,1
2698,31734,194582,1
2699,31734,194606,1
2700,31734,194945,1
2701,31734,218537,1
2702,31734,253852,1
2703,31734,254194,1
2704,31734,254292,1
2705,31734,257429,1
2706,31734,282658,1
2707,32451,14850,1
2708,32451,23471,1
2709,32451,28015,1
2710,32451,31825,1
2711,32451,36215,1
2712,32451,39479,1
2713,32451,40849,1
2714,32451,43979,1
2715,32451,44240,1
2716,32451,55227,1
2717,32451,64812,1
2718,32451,70765,1
2719,32451,71060,1
2720,32451,78039,1
2721,32451,78902,1
2722,32451,79639,1
2723,32451,81773,1
2724,32451,83570,1
2725,32451,87599,1
2726,32451,88084,1
2727,32451,105294,1
2728,32451,112781,1
2729,32451,114413,1
2730,32451,135716,1
2731,32451,144633,1
2732,32451,145542,1
2733,32451,146258,1
2734,32451,146335,1
2735,32451,150461,1
2736,32451,160344,1
2737,32451,162343,1
2738,32451,183602,1
2739,32451,185254,1
2740,32451,186441,1
2741,32451,200626,1
2742,32451,205618,1
2743,32451,209512,1
2744,32451,223273,1
2745,32451,246689,1
2746,32451,248131,1
2747,32451,259028,1
2748,35491,16688,1
2749,35491,19508,1
2750,35491,21999,1
2751,35491,25156,1
2752,35491,32203,1
2753,35491,32204,1
2754,35491,49520,1
2755,35491,61762,1
2756,35491,64105,1
2757,35491,93564,1
2758,35491,93574,1
2759,35491,93670,1
2760,35491,93788,1
2761,35491,95183,1
2762,35491,95186,1
2763,35491,97610,1
2764,35491,103379,1
2765,35491,109996,1
2766,35491,143637,1
2767,35491,150478,1
2768,35491,163951,1
2769,35491,170252,1
2770,35491,194515,1
2771,35491,194566,1
2772,35491,194686,1
2773,35491,194696,1
2774,35491,195155,1
2775,35491,195360,1
2776,35491,198180,1
2777,35491,206882,1
2778,35491,211925,1
2779,35491,212054,1
2780,35491,237724,1
2781,35491,238567,1
2782,35491,238761,1
2783,35491,243801,1
2784,35491,255897,1
2785,35491,256725,1
2786,35491,264745,1
2787,35491,265230,1
2788,35491,282027,1
2789,35491,282056,1
2790,35491,282069,1
2791,35491,282158,1
2792,36765,17143,1
2793,36765,22477,1
2794,36765,27257,1
2795,36765,34198,1
2796,36765,36034,1
2797,36765,38301,1
2798,36765,40510,1
2799,36765,62416,1
2800,36765,63122,1
2801,36765,65671,1
2802,36765,65763,1
2803,36765,69806,1
2804,36765,81927,1
2805,36765,93662,1
2806,36765,94183,1
2807,36765,126105,1
2808,36765,140920,1
2809,36765,148390,1
2810,36765,155158,1
2811,36765,163296,1
2812,36765,169416,1
2813,36765,176151,1
2814,36765,177452,1
2815,36765,178244,1
2816,36765,189065,1
2817,36765,200062,1
2818,36765,202288,1
2819,36765,206009,1
2820,36765,206389,1
2821,36765,206574,1
2822,36765,206760,1
2823,36765,207321,1
2824,36765,209334,1
2825,36765,209351,1
2826,36765,209376,1
2827,36765,221928,1
2828,36765,223665,1
2829,36765,224610,1
2830,36765,226640,1
2831,36765,248768,1
2832,36765,255166,1
2833,36765,266819,1
2834,36781,17069,1
2835,36781,19259,1
2836,36781,49247,1
2837,36781,85882,1
2838,36781,97553,1
2839,36781,137700,1
2840,36781,143798,1
2841,36781,165467,1
2842,36781,170036,1
2843,36781,174601,1
2844,36781,194512,1
2845,36781,268214,1
2846,36781,270014,1
2847,36781,282004,1
2848,36781,282006,1
2849,36781,282011,1
2850,36781,282017,1
2851,36781,282019,1
2852,36781,282027,1
2853,36781,282036,1
2854,36781,282038,1
2855,36781,282041,1
2856,36781,282048,1
2857,36781,282056,1
2858,36781,282065,1
2859,36781,282067,1
2860,36781,282069,1
2861,36781,282088,1
2862,36781,282098,1
2863,36781,282107,1
2864,36781,282108,1
2865,36781,282113,1
2866,36781,282128,1
2867,36781,282131,1
2868,36781,282141,1
2869,36781,282143,1
2870,36781,282146,1
2871,36781,282158,1
2872,36781,282166,1
2873,36781,282179,1
2874,36781,282184,1
2875,36781,282195,1
2876,36781,282237,1
2877,36781,282245,1
2878,36781,282246,1
2879,36781,282256,1
2880,36781,282263,1
2881,36781,282278,1
2882,36781,282283,1
2883,36781,282295,1
2884,36781,282301,1
2885,36781,282308,1
2886,36781,282349,1
2887,36781,282451,1
2888,36781,282480,1
2889,36781,282555,1
2890,36781,282967,1
2891,37231,17575,1
2892,37231,31657,1
2893,37231,47611,1
2894,37231,47891,1
2895,37231,50654,1
2896,37231,97495,1
2897,37231,99158,1
2898,37231,105822,1
2899,37231,105833,1
2900,37231,105873,1
2901,37231,105886,1
2902,37231,105920,1
2903,37231,105969,1
2904,37231,105980,1
2905,37231,106069,1
2906,37231,106156,1
2907,37231,106206,1
2908,37231,106343,1
2909,37231,106432,1
2910,37231,106443,1
2911,37231,106652,1
2912,37231,106675,1
2913,37231,106710,1
2914,37231,107052,1
2915,37231,107152,1
2916,37231,107173,1
2917,37231,126900,1
2918,37231,160043,1
2919,37231,160139,1
2920,37231,160419,1
2921,37231,223255,1
2922,37231,225935,1
2923,37231,282004,1
2924,37231,282016,1
2925,37231,282027,1
2926,37231,282044,1
2927,37231,282112,1
2928,37231,282245,1
2929,37231,282349,1
2930,37231,282389,1
2931,37231,282480,1
2932,39892,213,1
2933,39892,13079,1
2934,39892,18600,1
2935,39892,22570,1
2936,39892,32063,1
2937,39892,32606,1
2938,39892,53307,1
2939,39892,57598,1
2940,39892,70491,1
2941,39892,85863,1
2942,39892,93564,1
2943,39892,101837,1
2944,39892,104137,1
2945,39892,106277,1
2946,39892,106425,1
2947,39892,115991,1
2948,39892,123709,1
2949,39892,137314,1
2950,39892,140394,1
2951,39892,142981,1
2952,39892,158752,1
2953,39892,160066,1
2954,39892,164945,1
2955,39892,167091,1
2956,39892,171428,1
2957,39892,185686,1
2958,39892,192604,1
2959,39892,193069,1
2960,39892,196514,1
2961,39892,204631,1
2962,39892,204818,1
2963,39892,209052,1
2964,39892,209964,1
2965,39892,222953,1
2966,39892,224089,1
2967,39892,224663,1
2968,39892,240944,1
2969,39892,258336,1
2970,39892,269836,1
2971,39892,279467,1
2972,40182,18605,1
2973,40182,21061,1
2974,40182,48867,1
2975,40182,64023,1
2976,40182,64167,1
2977,40182,71361,1
2978,40182,72073,1
2979,40182,83376,1
2980,40182,83720,1
2981,40182,85209,1
2982,40182,85970,1
2983,40182,103358,1
2984,40182,107595,1
2985,40182,115656,1
2986,40182,121189,1
2987,40182,137647,1
2988,40182,140280,1
2989,40182,142334,1
2990,40182,147482,1
2991,40182,152330,1
2992,40182,156845,1
2993,40182,160165,1
2994,40182,160726,1
2995,40182,169447,1
2996,40182,184918,1
2997,40182,185199,1
2998,40182,185254,1
2999,40182,186564,1
3000,40182,189391,1
3001,40182,189785,1
3002,40182,192229,1
3003,40182,205988,1
3004,40182,268655,1
3005,40182,275128,1
3006,40182,277026,1
3007,40182,278014,1
3008,40182,281261,1
3009,41208,19483,1
3010,41208,33928,1
3011,41208,85165,1
3012,41208,86980,1
3013,41208,95183,1
3014,41208,95186,1
3015,41208,140610,1
3016,41208,140847,1
3017,41208,141681,1
3018,41208,142555,1
3019,41208,142568,1
3020,41208,142677,1
3021,41208,142842,1
3022,41208,142847,1
3023,41208,143029,1
3024,41208,282004,1
3025,41208,282006,1
3026,41208,282007,1
3027,41208,282011,1
3028,41208,282016,1
3029,41208,282017,1
3030,41208,282019,1
3031,41208,282020,1
3032,41208,282027,1
3033,41208,282041,1
3034,41208,282051,1
3035,41208,282055,1
3036,41208,282062,1
3037,41208,282088,1
3038,41208,282108,1
3039,41208,282116,1
3040,41208,282131,1
3041,41208,282140,1
3042,41208,282143,1
3043,41208,282157,1
3044,41208,282166,1
3045,41208,282179,1
3046,41208,282184,1
3047,41208,282195,1
3048,41208,282217,1
3049,41208,282246,1
3050,41208,282251,1
3051,41208,282278,1
3052,41208,282283,1
3053,41208,282301,1
3054,41208,282308,1
3055,41208,282349,1
3056,41208,282480,1
3057,41208,282559,1
3058,48032,22433,1
3059,48032,22674,1
3060,48032,22957,1
3061,48032,36290,1
3062,48032,36299,1
3063,48032,36305,1
3064,48032,36313,1
3065,48032,36319,1
3066,48032,36331,1
3067,48032,36352,1
3068,48032,36354,1
3069,48032,36363,1
3070,48032,36395,1
3071,48032,36409,1
3072,48032,36433,1
3073,48032,36457,1
3074,48032,36508,1
3075,48032,36518,1
3076,48032,36525,1
3077,48032,36527,1
3078,48032,36556,1
3079,48032,36576,1
3080,48032,36580,1
3081,48032,36622,1
3082,48032,36665,1
3083,48032,36725,1
3084,48032,36762,1
3085,48032,36912,1
3086,48032,36919,1
3087,48032,36935,1
3088,48032,36939,1
3089,48032,36966,1
3090,48032,36973,1
3091,48032,37009,1
3092,48032,102743,1
3093,48032,103275,1
3094,48032,103284,1
3095,48032,103399,1
3096,52797,25450,1
3097,52797,33940,1
3098,52797,75121,1
3099,52797,79536,1
3100,52797,79801,1
3101,52797,93788,1
3102,52797,95183,1
3103,52797,115011,1
3104,52797,138163,1
3105,52797,196566,1
3106,52797,201021,1
3107,52797,266887,1
3108,52797,267742,1
3109,52797,268480,1
3110,52797,269541,1
3111,52797,272062,1
3112,52797,272701,1
3113,52797,276912,1
3114,52797,282017,1
3115,52797,282019,1
3116,52797,282020,1
3117,52797,282030,1
3118,52797,282048,1
3119,52797,282056,1
3120,52797,282065,1
3121,52797,282069,1
3122,52797,282088,1
3123,52797,282113,1
3124,52797,282116,1
3125,52797,282128,1
3126,52797,282143,1
3127,52797,282146,1
3128,52797,282179,1
3129,52797,282246,1
3130,52797,282263,1
3131,52797,282349,1
3132,52797,282464,1
3133,52797,282480,1
3134,115024,61833,1
3135,115024,160439,1
3136,115024,282003,1
3137,115024,282004,1
3138,115024,282016,1
3139,115024,282017,1
3140,115024,282020,1
3141,115024,282027,1
3142,115024,282030,1
3143,115024,282036,1
3144,115024,282038,1
3145,115024,282041,1
3146,115024,282056,1
3147,115024,282062,1
3148,115024,282069,1
3149,115024,282088,1
3150,115024,282101,1
3151,115024,282107,1
3152,115024,282108,1
3153,115024,282128,1
3154,115024,282131,1
3155,115024,282158,1
3156,115024,282166,1
3157,115024,282171,1
3158,115024,282179,1
3159,115024,282184,1
3160,115024,282217,1
3161,115024,282227,1
3162,115024,282246,1
3163,115024,282256,1
3164,115024,282291,1
3165,115024,282301,1
3166,115024,282349,1
3167,115024,282464,1
3168,115024,282480,1
3169,115024,285465,1
3170,128755,71918,1
3171,128755,143937,1
3172,128755,196169,1
3173,128755,219265,1
3174,128755,272677,1
3175,128755,282017,1
3176,128755,282019,1
3177,128755,282020,1
3178,128755,282030,1
3179,128755,282038,1
3180,128755,282041,1
3181,128755,282048,1
3182,128755,282051,1
3183,128755,282055,1
3184,128755,282056,1
3185,128755,282062,1
3186,128755,282065,1
3187,128755,282067,1
3188,128755,282069,1
3189,128755,282088,1
3190,128755,282095,1
3191,128755,282098,1
3192,128755,282101,1
3193,128755,282108,1
3194,128755,282113,1
3195,128755,282116,1
3196,128755,282123,1
3197,128755,282128,1
3198,128755,282134,1
3199,128755,282143,1
3200,128755,282146,1
3201,128755,282153,1
3202,128755,282157,1
3203,128755,282158,1
3204,128755,282166,1
3205,128755,282179,1
3206,128755,282184,1
3207,128755,282227,1
3208,128755,282246,1
3209,128755,282256,1
3210,128755,282278,1
3211,128755,282291,1
3212,128755,282301,1
3213,128755,282335,1
3214,128755,282480,1
3215,128755,282558,1
3216,128755,282559,1
3217,160541,92083,1
3218,160541,92093,1
3219,160541,92095,1
3220,160541,92234,1
3221,160541,92307,1
3222,160541,92311,1
3223,160541,92342,1
3224,160541,92386,1
3225,160541,92388,1
3226,160541,92403,1
3227,160541,92434,1
3228,160541,92516,1
3229,160541,92667,1
3230,160541,92670,1
3231,160541,92744,1
3232,160541,92769,1
3233,160541,92782,1
3234,160541,92794,1
3235,160541,92824,1
3236,160541,93018,1
3237,160541,93091,1
3238,160541,93127,1
3239,160541,93134,1
3240,160541,93306,1
3241,160541,93372,1
3242,160541,93394,1
3243,160541,93441,1
3244,160541,93445,1
3245,160541,93547,1
3246,160541,170407,1
3247,281006,180848,1
3248,281006,239520,1
3249,281006,276670,1
3250,281006,282003,1
3251,281006,282006,1
3252,281006,282016,1
3253,281006,282018,1
3254,281006,282019,1
3255,281006,282020,1
3256,281006,282022,1
3257,281006,282023,1
3258,281006,282030,1
3259,281006,282036,1
3260,281006,282038,1
3261,281006,282044,1
3262,281006,282048,1
3263,281006,282062,1
3264,281006,282069,1
3265,281006,282096,1
3266,281006,282098,1
3267,281006,282107,1
3268,281006,282108,1
3269,281006,282112,1
3270,281006,282113,1
3271,281006,282133,1
3272,281006,282141,1
3273,281006,282153,1
3274,281006,282168,1
3275,281006,282171,1
3276,281006,282184,1
3277,281006,282195,1
3278,281006,282209,1
3279,281006,282237,1
3280,281006,282245,1
3281,281006,282263,1
3282,281006,282275,1
3283,281006,282282,1
3284,281006,282283,1
3285,281006,282291,1
3286,281006,282308,1
3287,281006,282376,1
3288,281006,282435,1
3289,281006,282451,1
3290,281006,282559,1
3291,281006,282632,1
3292,281006,282767,1
3293,281006,282838,1
3294,281006,282947,1
3295,281006,288126,1
3296,293680,194513,1
3297,293680,194514,1
3298,293680,194521,1
3299,293680,194526,1
3300,293680,194540,1
3301,293680,194542,1
3302,293680,194550,1
3303,293680,194558,1
3304,293680,194564,1
3305,293680,194571,1
3306,293680,194573,1
3307,293680,194578,1
3308,293680,194592,1
3309,293680,194595,1
3310,293680,194676,1
3311,293680,194689,1
3312,293680,194704,1
3313,293680,194712,1
3314,293680,194715,1
3315,293680,194748,1
3316,293680,194754,1
3317,293680,194763,1
3318,293680,194774,1
3319,293680,194804,1
3320,293680,194818,1
3321,293680,194838,1
3322,293680,194949,1
3323,293680,195128,1
3324,342625,229681,1
3325,342625,275267,1
3326,342625,282004,1
3327,342625,282006,1
3328,342625,282011,1
3329,342625,282019,1
3330,342625,282020,1
3331,342625,282027,1
3332,342625,282030,1
3333,342625,282036,1
3334,342625,282038,1
3335,342625,282051,1
3336,342625,282054,1
3337,342625,282056,1
3338,342625,282058,1
3339,342625,282065,1
3340,342625,282067,1
3341,342625,282069,1
3342,342625,282098,1
3343,342625,282104,1
3344,342625,282108,1
3345,342625,282116,1
3346,342625,282141,1
3347,342625,282143,1
3348,342625,282146,1
3349,342625,282158,1
3350,342625,282171,1
3351,342625,282179,1
3352,342625,282184,1
3353,342625,282190,1
3354,342625,282195,1
3355,342625,282220,1
3356,342625,282278,1
3357,342625,282295,1
3358,342625,282301,1
3359,342625,282308,1
3360,342625,282464,1
3361,342625,287990,1
3362,398935,282015,1
3363,398935,282020,1
3364,398935,282036,1
3365,398935,282095,1
3366,398935,282349,1
3367,398935,282542,1
3368,398935,282601,1
3369,398935,282603,1
3370,398935,282742,1
3371,398935,282792,1
3372,398935,283248,1
3373,398935,283342,1
3374,398935,283782,1
3375,398935,283958,1
3376,398935,284051,1
3377,398935,284145,1
3378,398935,284257,1
3379,398935,284357,1
3380,398935,284500,1
3381,398935,284812,1
3382,398935,285614,1
3383,398935,285966,1
3384,398935,286067,1
3385,398935,286220,1
3386,398935,286323,1
3387,398935,286618,1
3388,398935,286880,1
3389,398935,286957,1
3390,398935,287708,1
3391,398935,288055,1
3392,398935,288205,1
3393,398935,288632,1
3394,398935,288850,1
3395,398935,288885,1
3396,398935,289214,1
3397,398935,289621,1
3398,398935,289727,1
3399,398935,289757,1
3400,398935,289913,1
3401,398935,289932,1
3402,398935,290000,1
3403,398935,290232,1
3404,398935,290289,1
3405,398935,290374,1
3406,398935,290402,1
3407,398935,290864,1
3408,398935,290913,1
3409,398935,291294,1
3410,398935,291391,1
3411,398935,291394,1
3412,398935,291681,1
3413,398935,291954,1
3414,398935,292030,1
3415,398935,292031,1
3416,398935,292060,1
3417,398935,292156,1
3418,398935,292221,1
3419,398935,292292,1
3420,398935,292597,1
3421,398983,282070,1
3422,398983,282331,1
3423,398983,282420,1
3424,398983,282448,1
3425,398983,283552,1
3426,398983,283652,1
3427,398983,284152,1
3428,398983,284251,1
3429,398983,284694,1
3430,398983,284777,1
3431,398983,285254,1
3432,398983,285287,1
3433,398983,285433,1
3434,398983,285831,1
3435,398983,287241,1
3436,398983,287281,1
3437,398983,287298,1
3438,398983,287960,1
3439,398983,290527,1
3440,398983,291659,1
3441,399566,282003,1
3442,399566,282004,1
3443,399566,282011,1
3444,399566,282016,1
3445,399566,282017,1
3446,399566,282018,1
3447,399566,282020,1
3448,399566,282022,1
3449,399566,282027,1
3450,399566,282036,1
3451,399566,282038,1
3452,399566,282048,1
3453,399566,282055,1
3454,399566,282056,1
3455,399566,282058,1
3456,399566,282062,1
3457,399566,282065,1
3458,399566,282069,1
3459,399566,282088,1
3460,399566,282095,1
3461,399566,282098,1
3462,399566,282107,1
3463,399566,282108,1
3464,399566,282112,1
3465,399566,282113,1
3466,399566,282116,1
3467,399566,282123,1
3468,399566,282128,1
3469,399566,282133,1
3470,399566,282141,1
3471,399566,282143,1
3472,399566,282162,1
3473,399566,282166,1
3474,399566,282171,1
3475,399566,282179,1
3476,399566,282184,1
3477,399566,282195,1
3478,399566,282209,1
3479,399566,282263,1
3480,399566,282278,1
3481,399566,282283,1
3482,399566,282291,1
3483,399566,282301,1
3484,399566,282308,1
3485,399566,282349,1
3486,399566,282389,1
3487,399566,282451,1
3488,399566,282480,1
3489,399566,282558,1
3490,399566,282923,1
